StopID,Route,DailyBoard
7215,16,9.72
7215,31,4.01
7215,37,2.52
7215,38,10.26
7219,35,0.33
7223,35,0.17
7223,39,3.34
7226,31,0.17
7230,32,0.54
7232,16,58.48
7232,31,1.17
7232,38,0.34
7233,33,0.17
7235,39,2
7243,35,4.51
7245,35,0.67
7248,33,0.83
7255,32,0.54
7255,35,0.5
7258,33,0.83
7260,38,0.5
7263,32,2.69
7263,33,0.33
7263,35,0.17
7272,38,1.18
7277,39,0.17
7302,31,1.17
7306,39,0.17
7310,32,1.98
7310,33,0.17
7313,32,1.08
7313,35,3
7319,33,1.67
7320,35,2
7324,39,1.84
7325,35,0.17
7326,33,1.83
7328,16,4.36
7328,38,5.55
7331,31,1.84
7331,39,8.51
7333,35,0.67
7341,38,0.34
7348,16,0.84
7351,31,1.34
7365,33,1.17
7369,32,0.18
7369,35,2.34
7374,39,3.84
7379,16,2.01
7379,31,1.17
7379,37,0.17
7379,38,6.89
7381,32,0.18
7384,38,1.18
7385,31,2.01
7388,16,4.02
7391,31,0.33
7391,39,2.34
7392,35,1
7398,30,1.17
7398,32,0.72
7398,33,2.33
7398,35,1.67
7398,39,1.17
7399,38,1.18
7410,35,1.5
7415,33,0.67
7416,35,0.33
7417,31,4.01
7417,39,5.01
7419,38,1.01
7443,33,0.33
7446,38,5.88
7447,33,3.83
7460,37,4.7
7460,38,6.05
7465,33,3.83
7466,38,3.19
7470,33,0.17
7471,35,0.17
7475,38,2.19
7479,32,1.44
7489,37,1.34
7492,33,0.67
7494,38,1.85
7499,31,1
7499,37,2.18
7507,35,0.17
7514,39,0.5
7526,33,7.83
7527,35,0.33
7531,33,0.17
7532,35,0.33
7538,37,0.67
7538,39,7.84
7540,32,0.36
7540,33,2.33
7540,35,0.17
7544,39,0.33
7547,33,0.33
7550,35,0.33
7558,35,1.5
7559,16,0.5
7559,39,0.17
7560,33,2.5
7567,38,3.53
7569,31,1.34
7578,16,4.69
7583,39,1.67
7587,33,4.83
7601,32,0.18
7601,35,0.83
7605,16,29.49
7605,31,3.84
7605,38,1.68
7608,35,3.34
7610,32,1.26
7617,31,0.33
7617,39,0.17
7619,35,0.17
7620,33,2.83
7624,32,0.18
7633,30,0.17
7633,33,0.5
7640,16,3.85
7661,35,0.17
7662,37,0.34
7663,16,1.01
7663,38,0.67
7668,31,1.34
7670,38,0.17
7670,39,0.17
7675,38,0.5
7679,38,3.19
7680,32,0.9
7680,35,2.67
7689,39,0.33
7694,16,0.34
7699,33,4
7706,39,0.83
7716,16,2.18
7717,33,0.67
7718,37,0.5
7718,38,4.37
7723,33,5
7729,16,3.69
7729,38,3.87
7733,33,3.17
7734,30,3.17
7734,32,2.16
7734,33,6.5
7734,35,4.67
7739,16,55.96
7739,31,13.87
7739,38,2.52
7745,16,0.34
7745,31,0.84
7745,38,4.88
7748,32,0.18
7748,33,2.17
7751,35,1
7758,38,2.35
7760,35,1.34
7762,32,0.9
7764,35,0.17
7766,32,0.18
7766,35,0.33
7778,33,2.5
7782,39,0.33
7792,35,0.17
7802,38,0.84
7812,32,0.18
7814,33,0.5
7815,39,6.84
7823,16,2.85
7825,32,0.18
7825,35,0.33
7829,38,4.71
7832,30,0.17
7832,32,0.18
7832,33,0.83
7834,16,12.4
7834,31,2.01
7836,32,0.9
7836,35,0.33
7838,16,4.52
7838,38,2.69
7840,32,1.8
7840,35,0.17
7843,37,0.5
7846,30,0.33
7846,32,1.44
7846,33,2.33
7846,35,0.67
7849,35,0.17
7852,35,0.67
7861,35,1.34
7861,39,2.84
7880,32,0.18
7888,16,1.17
7888,31,1.34
7892,33,0.17
7898,32,0.18
7906,32,0.9
7906,35,2.67
7907,33,0.17
7912,32,0.36
7912,35,1.34
7913,32,0.72
7916,35,4.01
7917,38,0.34
7919,35,5.17
7920,31,1.67
7925,32,4.49
7925,35,4.84
7926,38,1.35
7929,33,2.17
7933,35,2
7940,33,1
7943,32,0.72
7943,35,1.84
7944,33,1
7948,30,0.67
7948,33,1.33
7948,35,0.33
7955,31,0.33
7968,39,2
7969,35,4.01
7984,32,0.18
7987,39,4.34
7990,39,0.17
7991,32,0.72
7991,35,0.17
7996,31,0.17
8100,50,12.92
8100,51,1.83
8100,57,1.33
8101,51,3.33
8101,56,0.5
8118,50,1.68
8119,50,35.91
8119,58,0.33
8124,58,0.17
8131,50,20.98
8131,58,0.5
8134,56,0.17
8135,56,1.83
8137,56,1
8138,50,0.17
8138,51,0.5
8149,51,0.5
8149,56,4.17
8151,57,5.33
8152,58,0.33
8154,18,1.35
8155,56,1.83
8157,51,1
8157,56,2.67
8160,58,3.01
8163,56,3.17
8166,50,7.89
8173,18,0.34
8173,51,0.5
8173,56,3.33
8174,55,3.03
8180,58,3.51
8188,50,11.75
8191,58,0.33
8200,56,0.17
8207,57,3
8213,50,6.21
8213,58,0.33
8218,56,1
8224,51,0.17
8230,56,1.17
8235,50,17.96
8235,58,6.03
8236,58,0.17
8237,50,9.06
8237,58,4.35
8239,57,6.67
8241,50,0.67
8241,58,0.17
8246,55,1.18
8253,57,12.17
8259,56,0.17
8262,55,0.67
8263,56,1
8263,57,5.5
8274,50,0.84
8274,51,0.83
8281,50,27.52
8283,56,2.17
8297,51,2.5
8297,52,12.08
8301,50,30.38
8301,58,0.17
8304,56,0.33
8306,57,1
8308,56,0.17
8310,50,14.1
8313,58,0.17
8319,58,1.84
8323,57,4.5
8333,56,0.17
8341,51,0.67
8351,51,4.5
8352,50,14.94
8352,56,0.17
8363,51,3.33
8363,56,10
8375,56,4.5
8377,56,2.67
8378,58,0.17
8379,57,0.17
8384,55,6.56
8388,56,0.83
8401,51,1.67
8401,56,1.83
8405,57,4.67
8409,50,9.9
8418,18,0.51
8418,50,0.67
8418,51,0.83
8418,57,0.33
8427,50,1.01
8427,58,0.67
8428,52,2.85
8432,57,2.83
8439,55,0.17
8441,51,0.83
8441,56,0.33
8452,50,2.01
8452,51,0.17
8469,57,14.5
8471,58,4.35
8478,58,2.51
8480,51,0.83
8491,58,0.5
8496,58,5.02
8512,50,29.2
8512,56,0.67
8513,58,1.67
8519,57,2.67
8531,50,7.72
8548,58,0.33
8551,51,0.17
8551,56,1.17
8569,50,5.37
8572,51,1.33
8572,57,0.17
8580,57,0.83
8592,56,3.5
8594,56,0.33
8597,55,1.18
8604,18,0.34
8604,56,4
8605,18,3.55
8605,51,0.17
8605,56,2.17
8605,57,2.33
8614,51,0.17
8633,18,1.69
8633,51,0.33
8633,56,1.5
8633,57,2.33
8634,51,2
8634,57,0.33
8644,56,0.17
8644,57,2.67
8650,50,8.56
8661,18,0.34
8661,56,0.17
8664,51,4.83
8664,57,2.67
8675,57,5.5
8685,51,0.83
8690,55,10.43
8709,57,5
8712,50,35.58
8712,56,0.17
8714,51,1.83
8714,57,0.17
8721,56,0.17
8723,57,7.67
8728,55,3.7
8738,58,1.17
8739,51,5.33
8739,56,3.67
8745,57,5.17
8747,56,2.33
8751,56,0.33
8753,56,3.83
8755,58,1.84
8763,57,0.67
8769,50,19.13
8769,58,0.17
8776,56,5.5
8779,57,10
8796,50,2.69
8826,56,0.17
8829,51,1.33
8829,56,2.83
8839,58,0.17
8845,56,2.33
8845,57,0.17
8849,56,0.83
8855,51,1.17
8855,56,1
8857,57,2.83
8866,55,2.86
8868,56,0.33
8868,57,4
8869,56,2.5
8872,50,9.4
8872,51,1.17
8893,57,5
8915,58,2.68
8919,57,3.83
8927,55,0.67
8937,56,1.83
8941,57,4
8944,51,0.17
8953,55,2.02
8956,51,2.5
8958,51,0.33
8985,51,1.83
8985,56,1.67
9100,6,161.8
9100,34,31.43
9101,6,7.69
9101,34,19.16
9107,20,5.5
9113,26,2.53
9116,6,1.67
9118,26,0.17
9131,26,0.51
9132,6,7.35
9133,6,0.5
9134,6,17.22
9135,6,2.34
9135,20,0.17
9137,30,2.84
9140,36,4.17
9144,6,2.01
9147,25,0.33
9152,6,20.06
9153,6,3.18
9154,6,9.03
9161,6,0.5
9163,6,1.17
9163,26,1.69
9167,30,0.83
9168,20,1.67
9169,20,14.01
9171,6,2.17
9171,20,0.33
9171,34,4.37
9172,6,18.72
9173,26,0.17
9174,30,0.17
9174,33,5.5
9175,6,3.01
9175,20,0.33
9175,34,0.17
9176,30,2.34
9181,33,0.33
9182,6,1.5
9186,6,10.53
9192,20,4.67
9198,6,3.68
9200,20,27.02
9201,20,14.68
9203,34,0.34
9204,30,12.02
9207,6,2.67
9211,6,5.52
9220,20,11.68
9225,6,2.01
9226,6,2.01
9226,26,0.34
9231,20,0.33
9234,33,1.67
9237,6,5.35
9237,20,0.67
9237,34,2.35
9243,30,6.68
9252,6,1.84
9259,20,0.17
9264,26,0.34
9273,26,1.86
9274,17,16.85
9274,20,1.67
9276,30,6.84
9277,30,1.84
9282,6,3.18
9285,6,8.19
9288,34,1.18
9291,30,3
9300,26,2.53
9306,6,2.17
9306,20,0.17
9310,36,3.17
9313,6,1.5
9322,6,24.07
9322,20,0.67
9333,26,0.34
9339,6,9.36
9339,20,0.17
9340,20,0.33
9344,6,9.03
9349,26,0.17
9351,26,0.17
9351,36,0.33
9361,17,8.68
9364,6,15.21
9364,34,0.84
9370,30,10.51
9373,6,4.01
9373,20,0.67
9373,34,1.68
9378,6,2.51
9378,34,0.5
9381,20,0.17
9383,20,0.17
9388,30,1.5
9391,26,0.34
9391,36,0.67
9396,6,7.86
9405,6,2.17
9405,34,0.5
9412,26,0.51
9420,30,5.17
9432,30,0.83
9438,20,35.36
9439,30,2.84
9442,6,1.84
9463,6,1.34
9472,25,0.17
9472,26,2.36
9479,30,11.52
9480,6,0.17
9486,26,0.17
9488,20,1.83
9491,6,2.17
9493,20,3.84
9494,6,5.52
9498,26,4.05
9501,26,0.68
9520,6,0.33
9520,26,0.17
9524,20,1
9527,26,3.04
9531,30,13.85
9532,20,1
9545,6,33.93
9549,6,1.17
9551,6,6.02
9551,20,4.17
9552,6,38.95
9552,25,0.83
9554,6,35.94
9554,20,13.18
9554,25,3.33
9562,20,3.67
9564,34,1.68
9566,6,8.36
9568,33,0.5
9573,6,8.69
9573,20,7.01
9581,26,0.51
9587,6,2.51
9588,6,6.35
9588,25,1
9591,30,1.17
9604,33,3.33
9615,26,0.17
9620,36,2
9629,30,1.84
9630,25,0.83
9633,6,3.84
9636,30,2.67
9642,6,17.72
9642,20,0.5
9642,34,3.03
9645,30,0.83
9651,26,2.2
9652,30,6.51
9652,33,28.5
9666,20,1.17
9670,6,0.33
9675,20,9.51
9677,6,0.67
9677,20,2.17
9677,30,0.33
9685,20,2.67
9693,34,0.5
9701,26,0.51
9715,6,0.5
9717,26,0.34
9719,20,0.83
9719,30,0.83
9720,26,0.68
9723,6,0.67
9724,20,2.17
9725,6,2.17
9725,34,0.5
9729,20,0.17
9733,30,0.67
9740,17,7.67
9744,26,3.55
9745,30,1.5
9747,26,0.51
9750,6,15.04
9753,30,10.68
9759,6,1.84
9770,30,12.35
9778,30,0.5
9783,26,1.35
9783,36,0.5
9785,33,9.5
9787,6,0.33
9787,34,1.01
9790,20,3.67
9797,6,2.01
9799,26,1.86
9802,34,0.34
9810,6,34.27
9811,30,1.67
9812,30,23.53
9817,20,1.83
9822,26,1.69
9826,26,1.35
9829,26,2.03
9837,17,5.51
9837,20,0.17
9842,6,0.84
9844,30,5.67
9847,20,0.33
9857,6,5.68
9863,36,0.5
9874,6,16.88
9874,20,5.17
9880,30,4.34
9880,33,8.83
9892,30,11.52
9897,6,1.67
9900,25,6.33
9901,26,3.21
9917,36,0.17
9918,6,4.18
9918,34,0.34
9928,26,0.17
9928,36,0.17
9939,6,0.67
9951,30,2
9957,26,3.88
9967,30,9.01
9975,6,2.67
9977,6,5.35
9984,6,8.86
9984,20,4.67
9993,6,1.17
9996,20,7.01
9996,30,9.18
4100,4,189.84
4100,5,210.71
4100,13,79.5
4100,16,185.31
4100,18,299.38
4100,40,258.62
4100,44,18.51
4100,48,5.67
4100,49,13.83
5100,2,192.14
5100,4,208.64
5100,17,131.97
5100,20,143.61
5100,21,206.33
5100,22,241.73
5100,27,28.17
5100,28,158.23
5100,56,3.83
5100,57,10
6100,2,217.87
6100,3,51.99
6100,6,249.05
6100,11,14.5
6100,12,3.84
6100,18,302.25
6100,28,13.67
6100,50,241.83
6100,51,52.5
6100,52,55.88
6100,55,41.2
6100,56,29.33
6100,57,54.33
6100,67,231.18
6100,73,153.08
7100,3,117.35
7100,5,160
7100,14,55.52
7100,15,33.61
7100,16,181.12
7100,17,123.47
7100,30,173.57
7100,31,36.6
7100,32,28.21
7100,33,45.83
7100,34,46.89
7100,35,26.88
7100,39,70.59
9800,6,134.39
9800,20,72.39
9800,26,43.57
9800,30,104.81
9800,36,19.83
5,80,336.7
10,80,922.47
10,81,180.06
10,82,86
25,81,17.51
39,80,721.65
45,81,0.17
47,27,5.33
49,80,650.21
49,81,12.34
49,82,10.33
52,80,302.15
52,81,15.17
53,81,9.17
56,81,2.67
60,80,100.83
60,81,13.17
61,80,178.95
68,82,8.17
70,82,2.67
73,80,184.96
77,80,330.86
87,1,9.37
87,10,31.38
87,19,19.75
87,38,44.05
87,82,12.5
89,81,3.33
96,81,0.33
99,81,23.34
99,82,43.83
100,1,11.54
100,2,229.74
100,3,131.39
100,4,78.39
100,10,279.6
100,11,11
100,12,2.67
100,13,84.33
100,14,82.7
100,15,151.74
100,19,58.08
100,27,2
100,28,30.85
100,29,0.91
100,37,14.6
100,38,35.98
100,48,0.83
100,56,21.83
100,57,21.67
100,58,31.8
100,70,44.77
100,71,43.9
100,72,53.46
104,4,84.1
104,27,0.67
104,44,24.18
107,5,16.57
107,13,7.17
107,44,6.84
113,5,24.27
113,47,1
115,6,49.31
115,13,2
115,47,0.33
121,4,4.36
121,18,0.34
121,40,1.5
124,5,4.69
124,44,1.5
133,1,3.18
133,2,50.29
133,3,34.77
133,10,32.88
133,12,0.83
133,19,13.06
133,29,3.46
133,37,5.87
133,58,5.02
133,82,8.67
146,4,0.34
146,47,0.5
147,13,4.17
147,44,0.5
150,13,21.33
153,13,5.17
158,4,1.34
158,44,0.33
160,1,1.17
160,2,133.66
160,3,46.97
160,10,197.97
160,12,1
160,14,70.69
160,15,144.51
160,19,35.32
160,37,4.36
160,48,0.17
160,56,28.67
160,57,22.67
160,58,15.73
160,70,32.41
160,71,30.22
160,72,40.18
161,1,29.1
161,10,90.31
161,19,41.34
161,38,115.85
161,82,4.83
162,13,3.17
162,47,1.67
162,48,0.17
166,13,4.83
167,4,44.48
167,44,34.85
168,5,9.54
168,27,0.5
168,47,0.67
168,75,10.55
170,4,4.36
170,47,0.33
171,13,8.5
173,4,1.68
173,18,0.68
173,40,1.34
174,5,0.84
174,13,1.5
174,44,0.17
178,1,4.01
178,2,214.36
178,3,87.76
178,10,277.93
178,12,0.33
178,14,86.2
178,15,169.72
178,19,51.55
178,37,11.91
178,48,1.67
178,56,40.67
178,57,31.67
178,58,34.14
178,70,34.58
178,71,35.96
178,72,40.86
180,6,24.07
180,13,36
180,47,7.85
180,48,0.33
180,82,8.5
181,5,16.4
181,48,1
184,11,7
184,28,3.33
184,38,5.55
184,44,1.17
184,80,211.34
190,4,34.75
190,44,12.84
192,13,16.67
192,44,13
195,5,18.24
195,44,3.5
203,11,5
203,13,13.5
208,6,31.93
208,82,4.83
217,13,12.17
217,47,2.67
222,13,6.5
225,5,7.53
235,5,8.37
235,27,1.83
243,11,0.5
243,12,31.03
243,13,10.67
248,1,1
248,11,0.17
248,12,8.68
248,19,12.55
248,38,12.11
251,5,20.59
251,13,5.83
251,47,3.68
251,48,1.5
251,75,2.35
252,2,60.65
252,3,52.16
252,4,26.69
252,6,30.25
252,11,1.83
252,12,3.34
252,14,31.84
252,15,26.38
252,29,0.36
252,37,2.35
252,47,4.68
252,56,2
252,57,3.17
252,58,2.85
252,70,17.37
252,71,6.92
252,72,5.96
256,4,44.31
256,13,29.67
265,4,96.85
265,6,154.11
265,29,5.29
266,4,1.68
266,47,0.17
271,27,3.33
273,27,2.5
274,5,24.44
274,27,1.33
274,47,1.34
274,75,32
288,4,8.06
288,5,12.89
288,13,6
288,44,1.17
288,47,4.34
288,48,0.17
288,75,15.58
289,13,2.67
294,13,3.5
298,11,1.5
298,28,36.85
298,38,36.15
298,44,18.01
298,80,96.15
300,4,27.86
300,44,15.01
313,10,8.35
313,19,2.34
313,38,2.02
313,82,2.17
320,13,6
327,6,42.12
327,27,5.67
336,80,476.59
341,82,15
346,13,16.33
349,3,43.8
349,58,3.51
349,82,12.17
353,4,3.36
353,18,0.51
353,40,2.84
353,49,1.33
357,44,2.67
360,5,5.19
367,13,1.83
375,4,63.45
375,44,28.18
379,11,0.33
388,6,8.52
388,13,9.33
388,47,1
388,82,2.67
391,4,28.2
391,47,3.34
392,4,7.55
392,27,2.5
392,44,5
398,6,23.23
398,82,12.83
405,4,17.79
405,47,1.17
406,6,20.39
410,13,2.83
418,5,13.22
418,27,5.17
418,47,0.33
418,75,14.07
424,13,5.83
433,44,6.5
435,1,2.34
435,2,28.74
435,3,25.24
435,10,28.71
435,11,0.33
435,12,2.17
435,14,11
435,15,10.08
435,19,3.85
435,28,41.35
435,37,3.69
435,38,28.25
435,47,0.17
435,56,0.5
435,57,0.33
435,58,0.67
435,70,4.84
435,71,1.01
435,72,1.02
438,11,2.17
438,27,17.5
438,28,140.73
438,38,109.63
438,44,31.68
438,80,453.22
441,4,19.3
441,44,1
445,4,12.76
445,44,9.17
454,3,1.34
454,58,0.67
455,1,5.52
455,2,81.54
455,3,82.25
455,4,36.09
455,6,76.05
455,10,70.44
455,11,1.83
455,12,12.35
455,13,5.33
455,14,26.51
455,15,37.81
455,19,12.89
455,27,0.17
455,28,106.21
455,29,3.65
455,37,3.36
455,38,68.26
455,47,2.17
455,56,2
455,57,0.5
455,58,2.68
455,70,7.35
455,71,2.7
455,72,4.26
456,4,4.7
456,47,0.84
459,4,3.19
459,44,0.17
465,13,0.33
469,5,12.38
469,27,3.83
469,47,0.33
469,75,0.67
470,1,0.17
470,10,1.5
470,19,1.67
470,38,4.37
473,5,4.52
473,27,0.5
473,47,0.17
473,75,0.67
475,5,50.04
475,13,15
475,44,10.34
475,48,2.33
480,10,45.4
480,27,0.67
480,28,46.52
480,81,3.5
483,6,15.38
483,13,1
488,11,24.17
488,28,5
488,38,6.89
488,44,1.67
488,80,535.69
488,84,53.67
490,11,2.17
490,27,6.33
490,28,92.87
490,38,42.2
490,44,4.17
496,13,2.83
499,4,24.67
499,47,3.01
499,75,3.02
505,4,16.79
505,6,26.58
505,29,0.55
506,4,60.6
506,6,70.54
506,29,0.55
506,81,11.84
506,82,26.17
512,5,7.53
512,27,5.5
512,47,0.33
512,75,9.05
516,5,3.18
519,4,26.19
519,5,13.22
519,13,9.67
519,44,13.17
519,47,3.34
520,10,2.34
520,19,1.67
520,38,4.04
520,82,2.67
522,13,5.33
530,4,2.69
530,47,0.5
532,11,9.83
532,28,4.17
532,38,3.53
532,44,0.33
532,80,131.54
532,84,53.5
533,6,58.67
536,4,0.5
538,6,152.77
538,47,37.42
538,82,7.17
542,3,20.9
542,58,9.04
544,11,7.83
544,12,0.67
546,13,13.17
546,47,6.18
548,6,81.74
548,82,1.17
549,4,15.44
549,6,26.08
549,29,0.73
558,82,4.17
561,6,9.86
561,48,1
564,1,3.18
564,11,1.67
564,12,0.33
564,19,5.52
564,38,15.8
565,13,13
567,10,6.51
567,27,0.17
567,28,10.67
568,1,35.79
568,2,214.87
568,3,164.33
568,10,400.62
568,11,11.17
568,12,10.34
568,13,24.17
568,14,116.37
568,15,93.26
568,19,58.42
568,27,1.67
568,28,114.88
568,37,11.91
568,38,134.85
568,47,12.36
568,56,13.17
568,57,8.17
568,58,15.4
568,70,57.46
568,71,22.96
568,72,23.33
570,44,0.17
573,11,1.33
573,27,11.5
573,28,81.03
573,38,71.63
573,44,22.51
573,80,157.42
573,81,33.85
581,1,9.2
581,2,141.35
581,3,119.36
581,10,145.22
581,12,16.35
581,14,50.85
581,15,48.23
581,19,37.33
581,29,6.38
581,37,4.53
581,48,0.5
581,56,1.17
581,57,1.67
581,58,2.85
581,70,42.43
581,71,7.94
581,72,9.7
581,82,18.17
582,5,2.18
582,44,0.17
583,6,42.46
590,4,31.89
590,40,2.84
593,1,14.72
593,10,54.25
593,19,20.25
593,38,81.88
593,82,5
597,10,2.17
597,28,5.17
597,81,0.33
602,13,3.67
608,27,1.83
614,13,7.83
614,44,8.5
619,13,2.83
621,11,0.17
621,12,18.69
624,4,4.2
624,44,1.67
633,5,15.73
633,47,1
643,13,9.5
650,12,0.33
668,1,1.67
668,12,0.33
668,19,3.01
668,38,5.04
674,13,7.67
688,4,16.11
688,6,29.25
688,29,0.73
688,81,12
692,2,68.34
692,10,60.59
692,19,11.72
692,37,3.19
692,48,1.17
703,5,22.09
703,44,5.5
706,11,1.17
706,27,10
706,28,47.85
706,38,28.25
706,44,7.67
706,80,84.13
710,1,0.17
710,10,1.84
710,19,1.17
710,38,7.73
710,82,2
715,13,4.67
715,47,0.17
715,48,0.5
730,5,2.68
730,44,1.17
739,4,7.05
739,44,9.34
741,1,3.68
741,2,52.8
741,3,49.31
741,10,59.09
741,11,0.33
741,12,9.18
741,14,23.01
741,15,21.34
741,19,13.89
741,27,5.83
741,28,64.36
741,29,2.19
741,37,2.18
741,38,34.13
741,44,16.51
741,48,0.33
741,56,1.33
741,57,0.33
741,58,1.67
741,70,10.86
741,71,2.19
741,72,3.92
741,82,4.17
749,5,14.73
749,44,0.83
751,3,49.31
751,58,6.53
751,82,14.67
757,11,7.33
757,28,9.17
757,38,11.1
757,44,1.33
758,10,51.91
758,27,0.83
758,28,48.35
758,81,3.17
765,4,12.42
765,6,21.06
765,29,2.19
765,80,362.58
768,5,7.53
768,27,5
768,75,10.39
770,5,14.56
773,44,2.83
782,4,34.91
782,40,1.34
791,11,0.17
791,12,0.5
791,19,1
791,38,3.7
795,82,10.83
803,4,4.87
803,6,21.9
803,29,0.18
809,1,8.86
809,2,106.26
809,3,72.89
809,10,129.7
809,12,11.85
809,14,55.19
809,15,49.4
809,19,32.47
809,29,11.48
809,37,6.04
809,48,0.5
809,56,0.5
809,57,0.5
809,58,4.18
809,70,36.58
809,71,8.61
809,72,5.62
809,82,20
815,13,2.17
816,40,2.34
816,47,0.5
816,49,0.17
816,75,5.36
821,44,0.83
828,13,2.83
837,4,6.55
837,44,1.33
839,2,14.7
839,3,14.38
839,10,9.18
839,11,2.33
839,12,0.17
839,14,4.17
839,15,4.2
839,27,0.67
839,28,12.67
839,37,4.53
839,47,0.67
839,57,0.83
839,58,1
839,70,0.67
839,71,1.01
839,72,0.68
840,5,3.68
840,13,4.33
840,47,0.84
841,4,15.95
841,44,14.17
843,4,34.58
843,47,3.01
845,4,8.39
845,47,1.34
853,82,1.67
862,13,0.17
875,13,0.83
877,13,1.17
877,44,0.17
883,2,34.59
883,3,55.33
883,4,33.57
883,6,50.81
883,11,2.5
883,12,2.17
883,14,5.67
883,15,8.23
883,29,0.18
883,37,0.5
883,47,1.17
883,56,0.33
883,57,0.67
883,58,0.17
883,71,0.51
883,72,0.17
890,5,19.92
890,48,0.83
894,13,6.17
898,2,73.68
898,3,48.81
898,4,32.4
898,6,51.48
898,11,2.17
898,12,2.5
898,14,25.01
898,15,31.09
898,29,0.36
898,37,5.2
898,47,4.34
898,56,4
898,57,6.5
898,58,7.2
898,70,16.87
898,71,8.27
898,72,9.88
904,4,38.44
904,44,14.84
906,5,1.67
906,13,0.67
906,44,0.67
915,4,18.13
915,47,3.01
916,3,5.68
916,58,1.84
918,10,34.89
918,27,1
918,28,36.18
918,81,0.5
926,4,45.49
926,6,96.28
926,29,0.18
926,82,11
941,1,0.33
941,2,19.21
941,3,14.88
941,10,30.71
941,11,1.17
941,12,0.67
941,14,6.67
941,15,6.05
941,19,2.68
941,28,9.17
941,37,4.19
941,38,6.73
941,47,0.84
941,56,0.67
941,57,0.17
941,58,0.67
941,70,1
941,71,1.69
941,72,1.19
956,13,2.33
962,6,82.91
962,82,3.17
965,1,11.21
965,10,49.41
965,19,22.76
965,38,63.22
965,82,4.33
967,5,10.88
967,27,1.33
967,47,0.33
967,75,0.84
969,13,1.83
971,6,121.18
989,5,11.38
989,27,1.33
989,47,0.33
989,75,0.5
1100,1,3.18
1100,2,73.85
1100,3,45.64
1100,4,45.82
1100,5,61.42
1100,6,52.99
1100,11,1.67
1100,12,4.5
1100,14,30.18
1100,15,45.71
1100,19,6.86
1100,25,0.5
1100,27,1.33
1100,37,4.53
1100,47,13.7
1100,56,8
1100,57,4.5
1100,58,4.35
1100,70,20.88
1100,71,11.14
1100,72,13.62
1100,75,38.37
1101,1,1.51
1101,2,52.13
1101,3,63.36
1101,4,47.5
1101,5,46.86
1101,6,155.45
1101,11,11.5
1101,12,33.7
1101,14,18.84
1101,15,29.07
1101,19,8.37
1101,25,4.17
1101,27,11
1101,29,9.66
1101,37,2.85
1101,38,45.4
1101,47,13.2
1101,56,0.83
1101,57,5.33
1101,58,4.52
1101,70,11.69
1101,71,29.55
1101,72,20.77
1101,75,16.75
1105,3,0.17
1105,15,0.34
1107,6,5.35
1107,14,0.67
1107,15,0.34
1107,56,1.33
1112,4,14.44
1112,6,23.9
1112,10,3.84
1112,14,10.17
1112,15,6.05
1112,25,0.5
1112,56,0.67
1112,57,0.67
1115,4,13.09
1116,2,17.71
1116,28,44.52
1117,4,10.41
1121,2,5.18
1121,5,4.69
1121,10,0.17
1121,28,1.83
1121,81,0.83
1122,2,6.01
1122,28,3.17
1125,37,0.5
1127,3,11.03
1127,37,0.5
1127,38,0.34
1131,5,1.51
1131,10,0.5
1131,27,0.17
1133,5,3.68
1133,14,1.33
1133,15,2.18
1138,2,15.04
1138,5,3.51
1138,10,22.87
1138,28,17.51
1138,81,0.5
1141,6,78.39
1141,14,19.51
1141,15,6.05
1150,3,14.88
1150,4,12.42
1150,38,16.98
1151,2,10.86
1151,5,5.86
1151,10,1.5
1151,28,1.83
1151,81,1.5
1153,3,0.33
1153,16,0.17
1153,31,0.17
1156,2,20.38
1156,28,7.17
1157,2,0.17
1160,5,18.41
1160,10,10.02
1160,27,1
1163,5,8.54
1163,27,0.67
1163,47,0.17
1164,6,3.51
1167,3,1.5
1167,4,1.17
1167,38,0.5
1169,3,18.22
1169,37,0.17
1169,38,41.03
1177,2,1.84
1177,28,1.17
1188,3,15.88
1188,4,34.58
1188,10,12.52
1188,37,2.18
1190,3,14.88
1190,4,9.57
1190,10,6.18
1190,38,14.96
1191,38,1.18
1194,3,8.86
1194,4,6.88
1194,10,5.17
1194,38,15.47
1199,6,41.62
1199,14,2.83
1199,15,2.86
1199,25,1.17
1199,27,0.5
1199,29,7.66
1199,37,1.68
1199,56,0.5
1199,57,0.5
1202,4,9.23
1202,10,3.34
1206,5,1.17
1206,14,4.33
1206,15,5.71
1206,17,1.33
1208,3,5.35
1208,4,19.64
1208,10,7.85
1209,2,19.88
1209,5,18.08
1209,10,1.5
1209,28,1.67
1211,3,2.01
1211,38,0.34
1213,3,1.17
1213,4,4.53
1213,10,1.34
1214,6,42.79
1214,14,15.51
1214,15,18.82
1214,25,0.5
1214,27,0.33
1214,37,0.67
1214,56,2
1214,57,2.17
1220,5,5.02
1220,14,5
1220,15,8.74
1223,10,2.67
1223,28,5.5
1223,81,1.83
1225,3,0.33
1225,16,0.34
1225,31,0.17
1230,3,10.87
1230,4,9.57
1230,38,16.98
1230,56,2.67
1230,57,1.17
1233,4,5.54
1233,6,14.04
1233,10,0.5
1233,14,3.17
1233,15,1.18
1233,57,0.67
1241,6,13.2
1241,14,0.33
1241,15,0.84
1241,25,0.17
1241,37,0.84
1250,2,17.88
1250,5,9.54
1250,10,19.03
1250,27,0.33
1250,28,34.01
1254,2,22.05
1254,28,6
1256,3,2.34
1256,38,19.17
1260,3,0.17
1260,38,0.5
1261,2,11.19
1261,5,13.22
1264,4,5.54
1264,10,1.34
1269,6,31.76
1269,25,0.67
2670,67,2.34
2672,6,5.01
2678,19,0.17
2684,2,0.17
2691,6,22.9
2693,14,16.51
2698,2,25.23
2698,10,23.37
2698,11,6.83
2698,12,0.83
2698,15,48.73
2698,28,1.5
2698,38,0.17
2698,56,9.5
2698,57,16.67
2698,70,15.03
2698,71,18.57
2698,72,36.27
2700,6,1.17
2701,6,8.86
2701,11,1.33
2702,6,75.22
2711,11,12.17
2712,2,8.69
2712,10,3.67
2712,11,1.33
2712,12,0.67
2712,15,4.37
2712,28,1
2712,70,0.33
2717,1,9.37
2717,2,87.55
2717,10,66.94
2717,19,23.43
2717,37,50.83
2717,48,2.67
2718,15,0.17
2725,14,42.52
2729,3,3.68
2729,58,3.51
2734,6,1
2737,6,14.04
2738,14,0.17
2741,2,32.75
2741,11,2.67
2742,14,0.67
2752,2,21.05
2753,3,11.2
2753,19,9.54
2753,58,5.19
2755,2,22.56
2755,10,18.19
2755,11,2.67
2755,12,0.83
2755,15,10.08
2755,28,0.83
2755,37,0.84
2755,70,4.01
2770,2,103.42
2770,10,33.89
2770,28,1
2770,38,0.5
2773,6,79.06
2775,14,10.17
2778,3,0.67
2787,15,16.8
2790,70,0.33
2790,71,0.17
2790,72,0.17
2793,67,2.84
2798,2,1
2798,28,0.5
2801,3,27.75
2801,58,5.69
2806,2,18.04
2806,10,28.21
2806,19,1.17
2806,37,0.34
2812,2,28.74
2812,11,1.17
2822,2,29.24
2822,10,9.85
2822,11,0.5
2822,44,0.17
2829,6,18.39
2829,11,9.67
2836,3,0.33
2836,19,0.17
2840,14,2.67
2846,10,0.67
2846,15,1.01
2850,6,7.35
2855,19,7.87
2856,3,1.34
2856,58,0.17
2867,70,0.17
2872,3,0.5
2872,58,0.17
2874,6,1.17
2880,19,7.36
2881,80,9.01
2883,3,18.56
2883,19,11.21
2883,58,6.86
2885,3,40.45
2885,58,8.2
2889,6,2.17
2890,6,0.67
2892,70,19.04
2892,71,16.21
2892,72,16.69
2898,2,1.67
2899,6,25.07
2901,11,6.33
2902,15,3.19
2902,28,1.5
2902,38,1.01
2916,2,108.27
2916,10,57.92
2916,11,13
2916,44,1
2918,3,0.5
2921,1,2.17
2921,2,40.93
2921,10,25.21
2921,19,10.38
2921,37,26.68
2921,48,0.5
2923,10,24.2
2923,12,1.17
2923,15,13.95
2923,28,0.83
2923,37,1.01
2923,70,4.18
2923,71,3.55
2923,72,5.11
2925,2,5.35
2925,12,3
2925,28,2.83
2925,67,0.84
2937,6,3.51
2938,80,1.84
2939,6,3.51
2939,18,0.84
2940,3,4.18
2940,58,0.84
2945,2,32.41
2945,10,49.08
2945,11,5.83
2945,12,0.33
2945,15,21.84
2945,28,1.17
2945,37,0.67
2945,56,3.17
2945,57,4
2945,70,10.52
2945,71,4.56
2945,72,6.81
2946,58,0.17
2949,6,11.7
2965,14,6.84
2969,19,2.51
2972,6,7.35
2972,18,7.26
2975,6,9.03
2978,11,4.5
2978,28,2.83
2978,38,2.02
2978,44,1.5
2978,80,80.96
2980,6,0.67
2982,6,1.34
2982,11,0.5
2984,2,0.17
2984,6,2.51
2984,67,0.33
2996,11,4.33
2996,28,4.17
2996,38,2.02
2996,44,0.33
2996,80,98.66
2996,81,19.17
2998,14,0.5
3100,12,4
3105,11,0.17
3153,31,0.33
3155,16,4.19
3163,16,1.01
3195,11,5.33
3195,12,35.2
3196,12,21.69
3207,16,14.41
3216,12,3.34
3231,16,2.68
3235,16,1.01
3240,11,0.83
3243,31,5.35
3252,16,4.02
3259,16,25.47
3273,31,4.35
3300,11,0.33
3300,16,15.41
3301,16,11.56
3311,31,2.84
3368,11,2
3368,16,9.72
3371,16,2.18
3393,16,22.28
3429,16,5.7
3448,16,1.34
3450,11,2
3450,16,3.69
3457,16,10.22
3487,31,0.5
3500,16,10.72
3513,16,16.92
3518,16,4.02
3550,11,0.67
3564,11,2.67
3572,16,4.19
3588,16,43.4
3592,31,4.68
3600,16,17.26
3615,11,0.17
3615,16,6.2
3622,11,1.33
3622,12,3
3622,16,13.57
3645,31,0.67
3680,12,3.5
3732,16,14.74
3733,16,4.52
3740,31,0.33
3758,31,0.67
3772,11,0.5
3772,16,27.65
3787,11,3.5
3787,16,13.91
3799,31,1.17
3811,11,0.83
3821,16,9.22
3827,31,9.36
3832,16,4.52
3841,16,14.41
3913,16,38.37
3941,16,8.71
3946,16,7.37
3952,31,0.5
3962,16,14.41
3968,16,6.2
3980,16,3.35
4085,19,1
4108,40,3.84
4121,19,6.19
4122,19,0.5
4129,19,6.7
4137,49,4.67
4138,52,1.01
4139,18,0.51
4141,19,2.85
4144,18,2.53
4144,40,6.35
4151,52,2.85
4156,75,1.68
4158,18,4.39
4171,52,19.8
4179,18,9.97
4179,19,7.7
4182,40,8.85
4182,47,8.19
4182,49,5.83
4188,40,0.5
4188,47,0.17
4191,18,5.74
4191,19,2.51
4192,40,2.84
4192,47,0.33
4193,49,1.83
4194,49,1
4197,49,2.17
4201,52,12.25
4202,18,3.55
4216,40,1.84
4218,19,0.84
4224,18,4.05
4224,47,4.34
4240,75,4.02
4253,49,2.17
4257,19,4.52
4261,75,6.53
4263,18,5.41
4295,18,8.95
4295,19,3.35
4310,75,0.67
4320,40,2.17
4324,40,17.88
4325,40,7.18
4326,18,2.2
4333,18,1.01
4333,19,1.67
4340,19,2.51
4342,18,1.86
4343,49,10.33
4347,19,15.9
4354,18,1.52
4355,18,4.9
4360,40,3.68
4360,47,5.68
4368,18,0.34
4373,18,0.84
4373,40,4.34
4377,18,1.01
4379,52,1.34
4382,19,0.17
4401,55,63.39
4401,75,167.7
4412,18,0.34
4419,40,4.68
4426,18,0.34
4430,18,8.11
4435,49,0.17
4436,49,0.17
4437,18,6.76
4443,18,1.35
4443,40,21.38
4443,47,5.18
4443,49,1.17
4446,18,12.16
4450,52,11.92
4456,18,8.45
4456,19,0.5
4457,75,10.22
4466,40,0.17
4466,47,0.5
4481,18,0.17
4494,18,0.17
4500,18,4.56
4501,19,21.09
4516,40,1.17
4519,75,5.36
4520,49,0.17
4523,40,28.57
4523,47,15.37
4523,49,2.83
4539,18,0.84
4541,52,0.67
4550,49,0.17
4551,18,3.04
4556,75,2.18
4559,75,2.85
4560,18,2.7
4572,40,2.51
4573,19,7.36
4580,18,0.17
4582,19,3.68
4589,52,5.87
4613,40,39.59
4613,47,8.85
4622,49,0.67
4623,75,3.18
4625,49,0.83
4637,40,0.17
4637,49,0.17
4643,52,4.7
4648,49,1
4654,52,0.17
4655,19,1.84
4660,49,0.67
4663,18,7.43
4682,49,0.33
4685,18,2.03
4685,19,0.67
4688,18,2.7
4699,40,4.18
4699,47,8.35
4699,49,1.67
4701,49,0.5
4707,40,0.5
4707,47,2.17
4707,49,0.17
4707,75,2.35
4712,40,16.37
4714,18,11.49
4714,19,2.85
4719,18,3.55
4732,75,2.35
4739,18,4.56
4739,40,23.72
4751,18,2.03
4752,40,3.17
4752,47,4.01
4755,75,5.03
4761,18,8.62
4766,49,1.83
4767,49,0.67
4769,18,3.38
4769,19,0.67
4770,19,3.18
4776,18,1.35
4782,18,1.69
4782,47,3.17
4787,18,0.34
4787,47,0.17
4788,40,4.18
4788,47,4.84
4788,49,1
4791,18,18.08
4798,18,1.35
4798,19,0.17
4801,49,1.83
4806,18,15.04
4806,19,1.84
4812,75,1.84
4818,40,7.68
4822,52,3.52
4830,19,0.17
4836,52,1.01
4837,40,41.43
4837,47,10.19
4838,75,1.01
4841,18,7.6
4845,18,0.34
4845,40,3.68
4845,47,6.52
4847,18,5.07
4847,19,1.51
4849,18,12.16
4856,18,3.21
4861,18,10.81
4861,19,5.52
4865,18,0.17
4873,18,0.17
4876,18,4.9
4876,40,7.85
4876,47,7.52
4879,19,4.69
4882,18,1.52
4882,47,1.67
4887,49,0.17
4889,75,0.5
4894,49,0.83
4894,75,11.9
4905,75,4.19
4909,19,1
4914,40,0.33
4914,47,2.17
4916,19,5.19
4918,75,0.17
4927,19,0.17
4929,19,4.02
4936,49,0.83
4941,40,3.51
4941,47,9.35
4941,49,0.17
4945,40,2.17
4945,47,2.67
4953,40,12.86
4953,47,5.51
4957,19,2.18
4963,75,7.04
4967,19,3.18
4968,18,0.17
4968,40,0.17
4968,47,2.17
4972,52,4.2
4980,19,0.67
4990,18,5.07
4993,52,1.85
5105,21,3.84
5109,21,54.75
5125,22,2.84
5126,29,0.36
5127,21,10.68
5138,21,22.54
5142,22,20.58
5143,21,0.67
5149,22,18.9
5162,22,17.9
5164,21,13.02
5173,21,1.67
5173,29,2.19
5178,22,3.01
5193,22,8.87
5197,22,6.69
5203,22,1.51
5223,29,0.91
5228,21,2.17
5236,29,2.01
5256,29,7.47
5260,22,2.01
5287,21,8.85
5304,22,19.74
5306,21,21.87
5320,21,7.51
5320,29,0.91
5335,21,2
5342,22,22.08
5346,21,7.01
5346,22,10.71
5356,21,7.85
5358,22,7.7
5366,21,4.84
5366,22,3.68
5382,22,52.53
5397,22,1
5407,22,5.69
5411,21,11.35
5414,21,19.87
5420,20,9.67
5420,21,4.17
5421,22,11.04
5427,21,4.17
5432,21,0.5
5432,29,2.01
5433,21,1
5444,29,0.91
5482,21,1.5
5520,21,2
5536,22,6.36
5549,21,38.23
5607,21,0.33
5625,21,2.34
5628,29,1.09
5657,22,8.03
5663,22,5.35
5683,22,12.21
5715,22,79.29
5725,29,2.92
5733,20,3
5733,21,3.51
5748,22,2.17
5765,21,8.35
5777,21,0.83
5796,22,37.97
5797,21,3.34
5815,22,4.18
5816,29,2.55
5823,22,17.23
5835,22,3.18
5845,29,0.73
5847,21,20.2
5856,20,3.5
5856,21,2.5
5856,29,2.92
5865,21,5.01
5884,29,5.47
5888,21,1.67
5888,29,1.46
5899,22,11.38
5950,22,5.85
5993,21,7.68
6105,55,0.17
6105,73,14.17
6106,70,3.67
6106,71,2.19
6109,70,2.17
6109,71,8.78
6110,70,5.01
6110,72,9.02
6111,70,1.67
6111,71,1.01
6115,15,14.96
6120,70,4.84
6120,72,5.79
6121,15,1.18
6122,71,0.34
6122,73,0.67
6123,73,3
6129,14,4.5
6129,67,10.37
6130,14,4.84
6130,15,3.19
6134,71,0.68
6138,71,0.17
6140,15,0.5
6141,71,5.23
6142,71,0.17
6148,14,0.67
6149,15,3.02
6149,73,0.33
6150,71,0.17
6151,14,5.17
6151,67,4.01
6157,70,0.67
6157,72,0.51
6159,67,16.73
6161,15,7.23
6166,15,2.52
6167,70,1.67
6167,72,2.72
6169,73,2.83
6171,70,0.67
6171,71,0.34
6171,72,1.02
6173,15,8.07
6176,15,0.17
6177,70,0.17
6177,72,0.34
6180,73,0.33
6188,73,1
6189,15,35.96
6192,71,0.34
6193,73,10.51
6196,70,0.17
6196,71,5.4
6197,14,6.5
6199,73,12.17
6204,73,0.83
6207,70,3.84
6207,72,7.66
6213,71,1.69
6213,72,3.75
6218,73,0.83
6223,73,9.5
6226,72,1.36
6231,70,2
6231,71,0.51
6233,15,8.91
6237,73,3.84
6238,71,0.84
6239,14,17.17
6241,73,3.84
6243,72,1.02
6244,14,0.17
6245,15,7.73
6246,15,0.17
6253,14,7.67
6253,15,3.53
6258,15,2.35
6261,71,1.35
6264,72,1.02
6265,3,0.17
6265,73,0.17
6266,73,1
6269,55,0.84
6269,73,9.5
6273,15,1.01
6277,14,8.34
6277,15,5.21
6281,67,15.05
6282,71,2.87
6288,70,0.5
6288,72,1.7
6291,70,11.69
6291,71,3.55
6291,72,7.32
6296,3,11.03
6296,73,0.67
6300,14,0.83
6301,72,0.85
6306,72,6.13
6309,15,10.08
6311,71,0.17
6313,70,1.67
6313,71,2.03
6318,70,4.18
6318,72,0.17
6319,73,2.17
6322,71,0.68
6322,72,10.73
6323,14,3.67
6325,70,0.5
6325,71,7.26
6326,70,5.35
6326,71,1.52
6326,72,2.89
6327,15,9.91
6330,14,0.5
6330,67,9.2
6332,67,29.27
6334,73,2
6335,72,0.34
6336,73,0.5
6337,71,0.34
6338,15,2.02
6340,15,0.17
6349,14,3.83
6350,67,80.46
6351,14,30.51
6354,71,1.01
6354,73,2.83
6355,71,6.42
6355,73,0.17
6357,73,3.84
6359,72,0.51
6363,71,0.51
6364,70,0.33
6364,71,0.34
6365,15,12.27
6365,73,2.33
6368,15,3.36
6368,73,2.17
6369,72,2.72
6372,70,3.17
6382,73,2
6385,73,0.67
6388,70,0.33
6394,70,2.67
6394,71,2.53
6394,72,3.06
6395,70,1
6395,72,1.19
6402,73,1
6418,14,0.5
6418,67,22.08
6420,71,0.17
6420,72,6.47
6421,70,3.17
6421,72,1.87
6422,73,2.5
6423,3,0.33
6423,73,0.5
6426,67,4.18
6427,15,1.85
6427,73,0.17
6430,15,6.72
6430,73,5.34
6433,71,7.43
6435,14,1.83
6439,70,0.5
6439,71,0.34
6439,72,0.17
6440,15,0.17
6441,70,1.34
6441,71,8.78
6447,14,9.67
6449,15,2.69
6450,14,0.17
6450,15,0.34
6455,73,0.17
6457,15,3.02
6458,70,0.84
6458,72,0.51
6459,14,5
6460,14,6.34
6464,73,1.83
6466,15,1.01
6470,70,0.5
6470,71,0.17
6471,70,0.67
6474,15,0.34
6475,72,8.68
6476,70,15.87
6476,73,19.68
6482,14,0.5
6482,67,5.52
6483,73,1.17
6484,70,0.17
6489,70,1.5
6489,72,2.89
6490,15,1.01
6490,73,2.67
6499,14,4.5
6501,14,7
6506,15,6.89
6511,15,1.85
6516,14,0.5
6516,67,12.38
6519,15,0.84
6519,73,0.17
6526,70,2
6527,15,0.34
6527,73,0.5
6529,72,2.04
6531,15,12.77
6533,67,13.05
6539,15,14.79
6541,3,1.84
6543,71,4.73
6551,15,1.68
6551,73,0.17
6560,70,0.84
6560,72,8.68
6569,70,0.33
6569,72,2.89
6570,15,1.01
6582,70,1
6582,72,5.45
6585,15,2.18
6588,15,0.17
6591,72,0.34
6592,70,0.17
6596,15,2.35
6605,15,1.18
6607,71,1.86
6611,70,0.33
6611,71,0.17
6615,15,29.41
6625,70,0.67
6625,72,0.34
6627,70,1.67
6627,72,3.58
6628,70,1.34
6628,72,0.85
6630,73,0.83
6631,67,5.19
6632,70,0.17
6632,71,0.17
6633,15,3.7
6635,72,0.51
6638,73,4.34
6639,70,0.5
6642,70,5.51
6642,72,1.02
6647,71,0.84
6650,70,0.67
6650,72,6.47
6651,70,1.67
6651,72,1.02
6653,70,2.67
6653,72,6.13
6655,72,2.89
6656,70,0.17
6656,72,0.51
6660,73,1.5
6663,70,3.51
6663,72,0.34
6665,15,7.56
6667,70,1
6667,72,1.87
6667,73,0.17
6673,70,0.33
6673,71,8.61
6673,72,0.51
6676,70,0.67
6676,72,8.85
6683,70,0.33
6683,72,0.17
6684,70,0.17
6684,72,0.68
6685,73,4.34
6691,70,0.67
6698,71,0.84
6700,73,0.67
6706,70,0.67
6706,72,19.92
6717,71,3.55
6720,55,4.88
6720,73,1.33
6721,70,3.51
6723,71,3.21
6724,67,7.69
6728,3,0.84
6733,15,4.03
6733,73,0.17
6748,15,0.5
6748,73,3.84
6751,73,0.17
6755,14,2.33
6758,72,1.02
6767,15,4.54
6771,3,7.52
6775,72,0.68
6783,15,6.05
6784,15,7.06
6785,70,0.84
6785,71,0.34
6787,67,6.52
6796,15,1.51
6796,73,0.17
6798,72,0.51
6800,15,2.52
6800,73,3.5
6805,70,0.17
6805,72,1.53
6811,73,0.33
6812,15,1.85
6812,73,3.33
6817,15,9.41
6820,14,0.83
6820,67,1.51
6822,71,1.01
6823,73,0.17
6825,70,0.17
6827,15,1.85
6828,72,0.68
6838,73,1.67
6840,15,2.69
6840,73,4.67
6842,73,0.67
6848,15,2.69
6851,72,2.04
6852,70,0.5
6853,70,0.33
6854,15,1.34
6857,15,9.75
6858,14,6.84
6860,15,1.01
6860,73,2
6863,73,1
6868,15,1.34
6873,15,19.16
6878,70,21.88
6878,72,17.37
6881,70,1
6881,71,3.71
6883,14,8.67
6883,67,36.3
6884,15,1.18
6889,71,1.69
6889,73,0.67
6891,70,1.67
6891,71,2.03
6894,70,14.87
6894,71,13.68
6894,72,2.21
6899,70,2.34
6899,71,4.9
6901,70,1.67
6901,72,8.85
6902,15,1.01
6903,14,4
6903,67,11.88
6915,71,10.81
6918,15,0.34
6921,15,19.49
6923,15,1.18
6923,73,0.83
6924,72,1.87
6925,15,1.68
6925,73,1.67
6926,67,20.24
6927,70,0.33
6927,72,1.36
6938,55,5.21
6938,73,5.67
6941,14,4.67
6941,67,21.41
6944,15,2.69
6952,73,0.67
6958,72,0.17
6965,70,0.33
6966,70,3.01
6966,71,0.34
6972,15,1.18
6973,70,2.51
6973,72,3.23
6979,73,7.34
6981,15,1.18
6983,70,0.33
6983,71,1.18
6983,72,0.17
6984,67,15.89
6987,15,2.18
7107,16,9.89
7107,38,1.85
7114,31,1.17
7115,16,1.34
7115,38,1.35
7117,32,1.26
7119,16,2.01
7119,31,0.33
7119,38,1.51
7121,32,0.36
7121,35,2.34
7125,32,0.18
7125,35,0.67
7128,33,1
7131,16,0.67
7137,38,2.19
7144,16,30.16
7144,31,2.84
7144,38,0.17
7148,33,0.17
7150,35,0.33
7151,32,0.18
7151,35,0.67
7152,16,2.18
7154,32,0.18
7167,30,1.84
7167,32,1.26
7167,33,4.33
7167,35,0.83
7169,30,10.51
7169,32,0.18
7169,35,0.5
7176,32,1.44
7176,35,0.67
7180,32,0.18
7180,35,0.83
7181,32,0.18
7181,35,1
7182,16,0.5
7182,31,0.17
7184,35,0.67
7188,32,0.54
7188,35,1.34
7190,30,0.17
7190,32,1.26
7190,33,1
7190,35,1.17
7194,16,0.67
7199,39,1.5
7203,32,0.18
7209,30,0.5
7209,32,0.72
7209,33,1.33
7213,32,0.36
7213,35,1.84
7214,32,1.44
1270,3,2.67
1270,16,1.68
1270,31,1.34
1278,27,0.17
1278,29,2.19
1280,4,21.99
1280,6,31.42
1280,25,1.17
1293,5,13.22
1293,14,2.67
1293,15,4.37
1296,2,16.54
1301,5,9.87
1301,10,12.35
1301,56,0.67
1301,57,0.17
1304,3,5.52
1304,38,21.19
1309,14,0.17
1309,15,0.17
1309,17,1.84
1310,2,44.44
1310,3,24.41
1310,4,26.69
1310,6,48.81
1310,11,3.67
1310,12,0.5
1310,14,18.01
1310,15,27.39
1310,37,2.52
1310,47,5.01
1310,56,3.5
1310,57,4.83
1310,58,3.68
1310,70,9.35
1310,71,5.74
1310,72,6.64
1311,4,5.87
1311,6,19.22
1311,25,1.17
1319,5,1
1323,6,39.11
1323,14,11
1323,15,8.4
1323,25,0.83
1323,27,7.5
1323,29,5.83
1323,56,1.17
1324,1,0.17
1324,2,26.73
1324,3,24.57
1324,4,19.81
1324,5,61.42
1324,6,61.18
1324,11,3.33
1324,12,4.34
1324,14,7.34
1324,15,9.58
1324,19,6.53
1324,29,0.18
1324,37,0.34
1324,47,0.17
1324,56,0.5
1324,58,0.17
1324,71,0.34
1324,72,1.19
1324,75,5.7
1325,2,1.67
1325,5,3.51
1325,10,0.17
1325,28,1.5
1326,4,0.84
1329,2,9.02
1333,5,11.05
1333,10,0.5
1341,22,3.51
1343,4,24.67
1343,10,0.17
1350,6,26.41
1350,14,7.67
1350,15,11.59
1350,25,0.17
1350,27,2.67
1350,29,0.73
1350,37,1.01
1350,56,0.33
1350,57,1.33
1354,2,2.17
1358,10,47.07
1358,27,1.33
1358,28,55.02
1358,81,2.33
1379,2,2.84
1379,28,3.17
1380,17,0.17
1382,6,22.56
1382,14,9.5
1382,15,13.11
1382,56,0.17
1382,57,0.5
1386,38,9.08
1388,3,17.22
1388,37,1.68
1388,38,8.91
1391,3,3.01
1392,6,34.93
1392,14,12.84
1392,15,12.6
1392,27,2.83
1392,37,2.68
1392,56,3.17
1392,57,2.33
1394,4,3.52
1394,27,1
1394,56,0.17
1394,57,0.67
1397,2,4.51
1397,5,4.52
1397,10,0.5
1397,28,3.17
1397,81,0.33
1398,3,11.2
1398,38,5.38
1404,2,13.2
1404,5,2.18
1410,22,2.84
1412,6,5.52
1412,14,1.17
1412,15,0.67
1412,27,2
1412,37,0.17
1412,56,0.67
1420,17,1.33
1420,34,0.5
1427,4,2.01
1427,56,0.33
1427,57,0.17
1435,4,8.9
1435,27,9
1435,56,0.67
1437,5,0.67
1447,3,1.67
1447,38,14.12
1462,5,9.21
1462,14,4.5
1462,15,11.93
1472,3,5.52
1472,4,10.57
1472,10,4.17
1474,5,8.2
1474,14,5
1474,15,3.02
1478,3,17.55
1478,16,1.34
1478,31,1
1480,3,9.53
1480,4,6.38
1480,10,6.51
1480,38,9.42
1481,6,20.06
1482,5,7.2
1482,14,8.5
1482,15,10.42
1484,38,12.78
1486,3,19.73
1486,4,11.92
1486,38,6.22
1486,56,21.83
1486,57,13.17
1488,6,30.59
1488,14,17.34
1488,15,13.11
1488,25,0.17
1488,56,5.5
1488,57,1.83
1494,6,7.02
1494,14,1.33
1494,15,2.52
1494,27,2
1494,29,3.1
1494,37,0.34
1494,56,0.33
1495,2,30.91
1495,5,27.62
1499,4,5.37
1499,10,1.5
1504,2,17.71
1504,28,8.17
1505,3,7.52
1505,4,8.9
1505,10,0.67
1505,38,1.01
1509,3,7.02
1509,4,5.37
1509,10,0.67
1509,38,8.24
1513,6,14.54
1513,14,0.67
1513,15,0.67
1513,27,0.17
1513,29,0.55
1513,37,0.17
1513,56,0.17
1518,5,5.02
1518,10,0.33
1518,56,0.5
1518,57,0.33
1519,38,0.34
1521,81,4.5
1526,3,7.52
1526,4,8.9
1526,10,4.01
1530,3,33.77
1530,4,32.23
1530,10,12.19
1530,38,31.78
1533,2,6.01
1536,3,16.55
1536,4,12.59
1536,10,4.17
1536,38,20.51
1538,4,15.95
1538,10,4.01
1542,3,2.01
1542,38,8.24
1555,17,3.17
1555,34,1.18
1558,2,16.71
1558,3,9.19
1558,4,9.9
1558,6,17.05
1558,11,0.17
1558,12,1.33
1558,14,5.34
1558,15,5.38
1558,37,0.84
1558,47,1.67
1558,56,1.67
1558,57,1.33
1558,58,2.18
1558,70,2.34
1558,71,1.52
1558,72,2.72
1559,3,2.84
1559,4,3.19
1559,10,0.67
1559,38,1.51
1561,2,3.84
1561,22,17.06
1561,28,1.17
1565,6,14.54
1565,14,1.33
1565,15,0.34
1565,27,0.17
1565,56,0.17
1566,38,3.7
1575,4,8.9
1575,10,0.67
1577,2,0.17
1579,6,42.12
1579,14,3
1579,15,2.02
1579,25,1
1579,27,2.17
1579,37,0.67
1579,56,1
1579,57,0.17
1585,4,5.54
1585,27,1.33
1585,56,0.83
1585,57,0.33
1595,2,0.17
1595,5,1
1595,10,0.17
1598,5,1.67
1598,10,5.17
1605,4,9.9
1615,3,2.67
1615,4,3.36
1615,10,0.67
1615,38,1.01
1618,6,29.59
1618,14,16.34
1618,15,18.82
1618,25,1
1618,27,0.5
1618,29,0.18
1618,37,0.84
1624,27,1.83
1628,3,2.51
1628,37,0.17
1628,38,2.35
1635,27,0.33
1635,57,0.17
1636,2,36.76
1636,5,23.1
1636,10,35.89
1636,27,0.5
1636,28,53.69
1643,3,3.68
1643,37,0.17
1643,38,1.01
1645,3,1.84
1645,4,6.71
1645,10,0.33
1650,6,35.1
1650,14,10.67
1650,15,18.15
1650,27,3.83
1650,29,3.83
1650,37,1.17
1650,56,0.33
1650,57,0.5
1659,4,2.69
1659,10,0.17
1660,6,20.39
1660,14,11.84
1660,15,9.91
1660,27,4
1660,37,2.18
1660,56,0.83
1660,57,1
1664,2,12.7
1664,5,3.35
1664,10,15.86
1664,28,20.51
1664,81,1.33
1675,5,10.21
1675,10,0.33
1675,27,15.33
1682,3,16.38
1682,37,1.01
1682,38,4.54
1689,3,14.54
1689,4,11.92
1689,10,2
1689,38,3.7
1690,38,4.2
1692,2,7.18
1692,28,11.34
1695,3,1
1704,5,5.02
1704,10,14.52
1704,27,7.33
1707,2,6.85
1707,28,2.67
1710,3,35.61
1710,37,5.54
1710,38,9.42
1712,3,7.02
1712,37,1.01
1715,2,0.67
1715,28,0.33
1717,2,2
1717,28,0.33
1720,3,5.52
1720,4,4.87
1720,10,3.34
1720,38,13.96
1725,38,0.17
1730,6,28.75
1730,14,11.67
1730,15,14.62
1730,27,3.33
1730,37,1.85
1730,56,3.5
1730,57,2
1737,3,27.25
1737,4,22.66
1737,38,25.73
1748,5,11.21
1748,14,5.67
1748,15,4.2
1750,3,16.22
1750,4,18.97
1750,10,4.84
1750,38,28.75
1751,5,1
1751,15,0.17
1751,17,1.17
1751,34,0.17
1753,3,1.84
1753,37,0.5
1757,6,1.17
1759,2,0.33
1759,22,1.34
1762,4,4.7
1762,10,2.17
1766,27,4.67
1766,56,0.17
1766,57,0.33
1767,2,3.34
1774,4,12.92
1777,4,24.51
1780,5,1.67
1780,10,4.84
1784,3,9.7
1784,38,32.45
1785,3,0.33
1785,16,1.68
1786,3,6.52
1786,16,0.84
1786,31,0.17
1787,1,1.84
1787,2,34.42
1787,3,29.09
1787,4,20.81
1787,5,29.12
1787,6,69.7
1787,11,4.17
1787,12,0.5
1787,14,14.51
1787,15,20.33
1787,19,10.54
1787,25,1.17
1787,27,7
1787,29,2.92
1787,37,1.51
1787,47,15.2
1787,56,17
1787,57,16.33
1787,58,11.21
1787,70,7.52
1787,71,22.96
1787,72,20.77
1787,75,68.52
1790,5,38.16
1790,27,0.33
1790,47,1.17
1790,75,6.87
1798,2,2
1798,5,2.18
1798,10,5.17
1798,27,0.33
1798,28,8.34
1805,6,1.17
1805,14,0.17
1805,15,0.34
1805,27,0.17
1805,29,0.36
1805,57,0.33
1809,3,1.84
1809,16,1.17
1809,31,0.33
1812,5,5.36
1812,10,10.18
1812,27,3.67
1813,3,0.84
1813,38,0.67
1823,3,43.13
1823,4,22.83
1823,38,20.51
1830,3,2.01
1830,4,9.57
1830,10,4.17
1830,37,0.34
1831,2,4.01
1831,5,6.69
1831,10,0.67
1831,28,2.17
1831,81,1
1834,2,35.92
1834,5,15.06
1834,10,41.73
1834,27,0.83
1834,28,56.69
1834,81,9.34
1838,2,50.12
1839,3,12.7
1839,4,10.07
1839,38,4.37
1842,5,3.18
1842,14,5.67
1842,15,3.86
1843,5,0.33
1843,10,0.17
1846,6,13.87
1846,14,9.84
1846,15,10.42
1846,56,0.67
1846,57,0.5
1847,27,0.17
1847,29,0.36
1852,4,1.34
1855,5,0.67
1855,14,0.33
1855,15,0.17
1870,56,3.17
1870,57,2.83
1872,1,1.34
1872,11,0.33
1872,12,26.36
1872,19,14.73
1873,17,2.34
1873,34,0.17
1877,2,2
1877,22,0.67
1878,3,28.92
1878,4,25.01
1878,10,9.18
1878,38,33.46
1883,6,15.04
1883,14,1.67
1883,15,2.02
1883,27,1.33
1883,37,1.85
1883,57,0.17
1886,5,1.17
1886,14,2.17
1886,15,5.88
1886,17,0.67
1886,34,0.34
1887,3,2.01
1887,38,0.17
1890,3,8.53
1890,16,0.84
1890,31,0.5
1890,38,5.21
1892,2,9.69
1892,5,31.97
1892,10,25.04
1892,27,0.5
1892,28,37.02
1895,4,4.2
1895,17,5.01
1895,20,4.84
1895,21,2.84
1895,27,0.67
1895,56,0.5
1898,3,23.24
1898,37,1.68
1898,38,6.73
1901,3,0.17
1901,4,1.17
1905,3,0.33
1905,38,1.01
1910,3,2.01
1910,38,16.14
1913,5,5.02
1913,14,1.67
1913,15,1.01
1922,2,16.54
1922,28,14.01
1923,2,3.84
1923,28,1.17
1927,6,17.88
1927,14,1
1927,15,1.51
1927,27,0.33
1927,37,1.51
1927,56,0.17
1928,3,4.68
1928,37,0.5
1928,38,2.19
1935,3,1.17
1935,4,2.35
1935,10,0.33
1936,2,6.68
1938,6,42.29
1944,5,5.19
1944,10,17.86
1944,27,3
1949,5,1.84
1949,27,0.17
1959,3,5.85
1959,4,2.35
1959,10,0.17
1959,38,0.17
1961,3,0.67
1966,2,31.91
1966,5,7.2
1968,2,7.35
1968,28,8
1973,4,3.52
1975,5,2.85
1975,14,0.67
1975,15,0.17
1986,5,2.01
1986,10,5.17
1986,27,4.5
1995,3,1.34
1995,38,1.35
1996,2,23.06
1996,5,6.69
1996,10,26.37
1996,27,0.17
1996,28,39.18
1996,81,4.84
1998,38,9.92
2003,81,7.17
2007,11,1.17
2007,28,12.51
2007,38,16.65
2007,44,2.5
2007,80,65.27
2014,80,97.16
2018,80,13.52
2018,84,3.5
2023,80,150.24
2026,80,19.7
2027,80,7.35
2034,80,90.98
2039,80,90.48
2041,80,7.01
2048,80,110.01
2050,80,16.69
2053,80,5.51
2054,80,179.95
2061,80,63.77
2064,81,68.86
2071,80,31.22
2076,80,28.88
2082,80,236.38
2088,11,5.33
2088,38,0.17
2088,80,11.18
2091,11,1
2091,28,39.35
2091,38,36.32
2091,44,32.51
2091,80,219.85
2100,2,12.7
2100,10,0.33
2100,15,4.03
2100,56,0.83
2100,57,3.67
2101,2,72.85
2101,10,161.25
2101,15,44.87
2101,37,3.19
2101,56,27.83
2101,57,32
2105,3,10.36
2105,58,3.68
2109,14,12
2111,6,34.43
2112,3,2.34
2115,6,2.84
2115,11,0.17
2119,3,5.02
2119,58,3.51
2121,2,28.74
2121,56,13.33
2121,57,10.17
2125,2,132.83
2125,10,69.44
2125,28,1.5
2125,38,1.35
2125,80,67.61
2131,2,22.22
2131,10,16.69
2131,28,15.01
2131,38,17.32
2133,6,13.04
2134,6,0.17
2135,19,5.02
2137,6,7.52
2138,2,0.67
2138,14,0.83
2138,56,0.17
2138,57,0.33
2145,11,17.5
2145,28,43.85
2145,38,30.6
2145,44,10
2145,80,318.01
2146,2,35.09
2146,10,39.56
2146,19,0.84
2146,37,0.84
2146,48,0.17
2153,14,5
2160,67,7.53
2161,6,7.69
2161,18,0.17
2162,14,0.67
2164,6,8.52
2169,6,11.37
2169,11,1.17
2171,14,11.17
2173,19,4.35
2174,6,0.17
2175,2,86.38
2175,10,205.48
2175,15,46.38
2175,37,1.85
2175,56,33.67
2175,57,27.5
2177,14,4
2182,6,0.33
2182,18,0.17
2183,14,2.5
2184,2,9.86
2184,10,0.5
2184,15,2.35
2187,18,0.34
2191,2,89.05
2191,10,94.81
2191,11,7.83
2191,12,3.34
2191,15,45.2
2191,28,4.67
2191,37,0.34
2191,56,5.17
2191,57,12.17
2191,70,24.22
2191,71,8.44
2191,72,12.6
2192,2,26.23
2192,10,47.74
2192,48,0.17
2193,70,0.84
2193,71,1.01
2193,72,0.68
2195,11,40.67
2195,28,46.85
2195,38,43.88
2195,44,13.17
2195,80,833.83
2197,70,1
2197,71,0.51
2197,72,0.51
2199,2,5.01
2200,10,11.02
2200,12,0.17
2200,15,10.25
2200,28,0.17
2200,56,2.67
2200,57,1
2200,70,8.85
2200,71,3.55
2200,72,5.96
2201,2,12.7
2201,14,10
2201,56,6.83
2201,57,3.67
2205,15,28.57
2206,14,0.17
2212,3,0.33
2220,15,1.34
2222,6,2.01
2222,18,0.84
2224,3,0.17
2224,58,0.17
2225,12,0.67
2225,28,0.33
2226,6,0.17
2228,14,0.5
2230,70,9.19
2230,71,8.27
2230,72,13.11
2231,6,5.52
2233,6,1
2236,15,0.34
2239,19,2.85
2240,80,0.83
2240,84,2.67
2246,6,0.33
2249,2,8.86
2250,6,1
2253,3,7.19
2253,58,4.02
2255,3,61.52
2255,58,10.54
2263,6,16.05
2264,14,1.5
2265,3,6.69
2265,58,4.02
2266,2,2
2266,10,1.17
2266,15,1.01
2266,70,0.5
2267,11,14.5
2267,28,74.2
2267,38,58.01
2267,44,15.17
2267,80,607.64
2270,2,7.52
2270,10,2.34
2270,11,0.33
2270,15,3.19
2270,28,0.33
2270,56,2
2270,57,0.33
2270,70,1
2270,71,1.01
2270,72,3.23
2274,6,0.67
2274,18,0.17
2278,14,0.17
2279,19,10.38
2282,10,0.17
2282,15,1.68
2306,19,5.36
2316,6,0.17
2320,6,0.17
2323,6,6.52
2324,18,0.51
2324,50,3.52
2324,51,0.83
2324,56,0.17
2324,57,0.83
2325,6,5.68
2337,11,5.83
2344,6,0.17
2349,2,194.65
2349,10,140.88
2349,28,94.71
2349,38,83.56
2349,80,486.78
2357,3,6.69
2357,58,2.18
2359,70,3.17
2359,71,2.19
2359,72,3.41
2362,2,3.84
2362,11,0.17
2370,12,1
2370,15,1.34
2370,28,0.67
2370,70,2.17
2370,71,3.21
2370,72,3.75
2374,6,0.5
2376,2,17.88
2376,10,10.02
2376,15,3.19
2376,56,1.17
2376,57,1.33
2377,6,13.37
2379,3,5.85
2383,50,4.03
2383,51,0.5
2383,56,0.5
2383,57,0.33
2383,58,0.5
2387,6,10.2
2388,3,2.84
2388,19,0.5
2389,3,58.84
2389,58,10.38
2390,6,0.17
2392,70,12.19
2392,71,12.49
2392,72,17.37
2393,2,4.51
2393,10,1
2393,44,1
2395,2,28.4
2395,10,77.79
2395,15,17.64
2395,37,1.85
2397,10,15.69
2397,15,1.85
2398,10,15.36
2401,2,13.37
2401,12,2.5
2401,28,1.17
2401,56,3
2401,57,1
2404,70,14.2
2404,71,14.35
2404,72,21.45
2417,6,12.7
2417,18,0.17
2431,6,2.01
2433,3,20.73
2433,58,6.03
2435,6,5.68
2442,11,9.67
2442,28,3.83
2442,38,4.2
2442,44,0.33
2442,80,143.06
2442,84,21.5
2443,11,4.67
2443,37,2.52
2449,14,4.33
2465,10,31.38
2465,11,10.83
2465,12,7.34
2465,14,27.51
2465,15,38.65
2465,37,1.51
2465,56,3
2465,57,4.5
2465,70,8.52
2465,71,9.46
2465,72,17.2
2470,6,1
2473,2,58.48
2473,10,47.91
2473,28,62.53
2473,38,41.19
2476,18,3.38
2477,14,12.84
2487,14,11.34
2488,6,0.17
2491,11,4.67
2494,14,15.67
2496,6,0.84
2497,3,12.7
2497,58,4.52
2500,2,19.55
2501,2,76.36
2503,19,11.55
2505,3,18.56
2505,19,13.22
2505,58,6.86
2509,12,0.33
2509,28,0.17
2513,12,0.17
2513,15,5.21
2517,19,8.2
2519,6,11.53
2519,11,5.83
2522,18,5.24
2522,50,8.89
2522,51,1.5
2522,52,1.85
2522,55,3.03
2522,56,1.83
2522,57,1.83
2522,58,1.67
2524,3,11.03
2524,58,2.68
2532,14,0.67
2535,14,4.84
2538,6,0.17
2559,19,4.69
2561,1,2.34
2561,2,50.12
2561,10,28.04
2561,37,23.49
2561,48,2.5
2562,14,0.83
2566,3,2.67
2566,58,0.33
2576,2,20.38
2576,10,6.18
2576,28,1
2576,38,0.67
2593,3,4.18
2593,58,1.51
2595,2,50.12
2595,10,59.42
2595,11,6.83
2595,12,1.33
2595,15,33.61
2595,28,1.83
2595,37,0.5
2595,70,8.18
2597,3,9.86
2597,58,4.69
2601,10,7.51
2603,14,6.5
2605,1,10.87
2605,2,102.92
2605,10,70.44
2605,37,66.27
2605,48,2.33
2608,3,5.85
2608,58,2.34
2615,6,8.19
2615,18,0.17
2617,15,20.84
2620,2,96.57
2620,10,44.57
2620,28,1.17
2620,38,1.85
2624,19,0.17
2625,6,4.68
2625,11,1
2630,12,1.17
2630,28,0.17
2634,18,0.84
2637,11,10
2637,14,29.18
2638,6,2.17
2639,14,3.5
2640,19,0.67
2641,11,2.83
2641,14,9.84
2643,2,16.71
2643,10,19.03
2643,11,4.67
2643,44,4
2643,48,0.17
2647,6,15.54
2659,6,12.87
2663,14,15.84
2665,18,1.18
2665,50,4.03
2665,51,1.17
2665,52,1.51
2665,56,0.5
2665,57,0.17
2669,2,1
2670,2,0.5
2670,56,0.67